마번,마명,모마성적
9519,선봉대감,22전(3/3/3)
10106,소백수,36전(7/6/4)
10574,토종고수,24전(5/6/4)
11119,구룡령,39전(3/7/3)
11292,제석,16전(5/0/2)
11363,정보왕,23전(4/2/1)
12074,천수,41전(2/11/4)
12106,애머랜스,29전(6/5/3)
12350,골든챔피언,45전(3/3/6)
12352,신청파,36전(5/8/1)
12504,씨즈메리,38전(5/6/7)
13275,화려한축제,17전(3/2/0)
13582,안정성,21전(6/2/3)
13843,베씸,1전(0/0/0)
13876,크리스티나즈스타,6전(0/0/0)
13958,리치이모션즈,24전(6/5/2)
13968,알찬우승,24전(5/5/4)
13969,미스트래블린,31전(5/2/1)
14021,준벨러,25전(5/3/3)
14031,일롭위드미,21전(1/3/2)
14189,가문영광,29전(8/1/5)
14314,화려한꿈,27전(4/4/1)
14669,만왕,23전(4/3/1)
14732,협동,30전(1/1/2)
14949,마스코트,11전(1/3/1)
15071,레이디산다이도,0전(0/0/0)
15144,인디언다이아몬드,36전(3/6/4)
15225,러세미러,4전(2/0/0)
15402,러브리메모리즈,5전(1/0/2)
15515,백만부자,12전(4/2/0)
16359,주말축배,22전(6/1/3)
16365,노블파티,15전(1/4/2)
16751,임패션드댄서,13전(3/0/3)
16780,신속돌파,23전(2/1/0)
16788,퍼스트클래스캣,17전(5/1/2)
16807,감화력,33전(0/2/2)
16862,퍼서널프로젝트,19전(4/2/0)
16875,언큐어드디자이어,17전(1/1/1)
16881,광열한,49전(2/6/5)
17057,백파,31전(9/5/3)
17305,라이브퀸,34전(3/3/4)
17380,조이라이드,4전(0/0/0)
17441,누리강자,19전(4/2/1)
17475,금순이,22전(6/4/2)
17518,럭셔리퀸,19전(4/3/0)
17527,탑포인트,40전(18/8/5)
17586,드림러너,30전(2/6/5)
17658,동방최고,24전(3/2/4)
17672,우리바다,15전(3/0/3)
17728,한강제일,42전(7/4/5)
17737,나바이어,22전(3/4/2)
17990,해일,26전(3/4/6)
18111,스틸골든,20전(1/3/3)
18119,리걸멕,11전(1/2/0)
18177,파이어러츠댄서,3전(0/0/0)
18192,플라이퀸,34전(7/6/9)
18390,능인장,0전(0/0/0)
18420,덕수궁,36전(6/2/2)
18451,매덤위네트,0전(0/0/0)
18573,부산의별,37전(4/4/7)
18613,쉬저핫디시,0전(0/0/0)
18640,새벽빛,10전(1/1/1)
18681,원신다임,23전(5/3/1)
18699,스톰캣츠키튼,4전(0/0/0)
18701,렌드,0전(0/0/0)
18705,리버브룩,10전(2/1/3)
18768,명서공주,15전(3/1/0)
18788,명가의후예,7전(0/0/0)
18819,포킷풀어브머니,38전(9/9/5)
18828,플라이톱,23전(3/1/3)
18829,플라이우먼,0전(0/0/0)
19172,멋진세계,39전(3/6/6)
19187,해피퀸,21전(4/4/4)
19256,산방미인,38전(1/0/2)
19326,그랜드지프,28전(4/7/3)
19372,럭키마운틴,37전(9/11/7)
19415,대효,41전(5/3/8)
19448,아라비안버드,38전(4/3/1)
19551,이머징선,8전(1/1/0)
19622,절호찬스,15전(6/2/1)
19633,게이트웨이,27전(5/3/4)
19635,필잇나우,40전(4/4/4)
19642,항구로맨스,18전(3/3/3)
19701,배블레이디,21전(3/1/3)
19707,명품질주,24전(2/5/4)
19752,마이티엔젤,14전(2/5/2)
19808,가야공주,20전(4/3/1)
19935,연지꽃,25전(4/1/3)
20032,스톰라이더,35전(5/4/4)
20084,포리스트플라워,0전(0/0/0)
20087,레이디엘,29전(2/2/3)
20155,자벨라,10전(0/0/1)
20159,아멜,26전(3/4/1)
20180,당대여왕,8전(1/0/1)
20193,금빛승리,31전(2/1/1)
20238,벨몬트그레이스,17전(0/0/3)
20275,어테일어브투키티,0전(0/0/0)
20290,글로리어스돈,0전(0/0/0)
20311,미스퍼스낼러티,2전(0/0/1)
20314,익스플리시틀리,8전(1/3/2)
20318,패브포,8전(0/3/0)
20319,주웰데어,4전(0/0/0)
20347,유머러스스타일,5전(1/1/0)
20357,슬램댄싱,6전(0/0/0)
20370,액셔너블,2전(0/0/0)
20372,애너즈코즈,12전(1/2/0)
20376,매직뷰,16전(0/2/3)
20384,샘아이엠,23전(4/3/3)
20388,언브라이들드로렌,0전(0/0/0)
20398,딕시어벤저,9전(1/3/2)
20400,짐키드,13전(1/1/2)
20407,무한나래,14전(1/2/0)
20427,미스엔텍사스,6전(1/3/0)
20548,백락고,23전(4/4/4)
20579,화려한비상,20전(4/2/0)
20630,물보라,39전(10/6/6)
20734,커멘섀리,24전(0/4/3)
20735,원더유니콘,36전(8/6/4)
20802,하늘기상,17전(3/4/1)
20882,원더풀투나잇,18전(3/0/0)
20886,골든로즈,43전(7/8/3)
20912,상상봉,25전(3/2/4)
20977,축복의통로,31전(4/2/3)
21074,메이저걸,43전(2/6/6)
21184,셀라,21전(4/1/2)
21185,헤이스트,9전(5/0/2)
21236,오마이크릭,19전(1/2/0)
21264,이상화,24전(5/2/0)
21315,뜨거운환호,26전(2/2/3)
21457,매직치프,23전(4/0/5)
21513,빅터헌터,19전(1/3/4)
21529,초원드림,17전(3/5/0)
21540,디데이,17전(5/1/3)
21560,쾌검,20전(4/1/4)
21635,가문공주,27전(2/3/1)
21682,황금키,24전(2/3/1)
21706,퀴니비,0전(0/0/0)
21710,다야몬드스테파니,13전(2/0/0)
21715,하우아유,8전(2/0/0)
21726,브라보브라보,0전(0/0/0)
21826,미러클라이트,21전(1/5/1)
21830,영원한행복,23전(3/3/3)
21846,소서노,20전(3/5/3)
21860,릴리언스펄,0전(0/0/0)
21864,애비,5전(0/0/2)
21865,문전옥답,18전(0/2/2)
21873,강공알파,43전(2/4/4)
21906,해동의별,15전(2/1/2)
21996,샤프터레인,0전(0/0/0)
22115,강철나비,21전(5/1/0)
22119,원더퀸,10전(2/2/1)
22122,베스트코리안,14전(2/4/0)
22153,미스메리트,24전(3/3/3)
22154,위티레이디,34전(4/5/4)
22160,헬로다이너,1전(0/0/0)
22162,스마티미,22전(3/5/5)
22163,리걸에어,31전(6/9/4)
22166,스피드백,29전(6/5/5)
22167,스틸홈,0전(0/0/0)
22170,터치어펀,0전(0/0/0)
22172,라레인빅토리아,6전(0/4/0)
22189,캐러멜캔디,0전(0/0/0)
22243,브라운걸,21전(3/1/2)
22298,새로운리더,15전(2/0/3)
22327,검은요정,20전(4/2/2)
22355,당대미인,10전(1/2/2)
22400,허쉬틸드,28전(5/4/2)
22424,칸의별,21전(4/5/3)
22451,라이파이,7전(4/1/1)
22491,영순위,12전(2/1/0)
22546,업라이징,13전(6/1/1)
22570,남한산성,36전(1/1/1)
22675,만점환희,25전(5/2/3)
22695,천상의여왕,27전(4/3/1)
22759,새로운가문,27전(2/3/4)
22797,알드라이크,11전(0/0/1)
22836,라온챔버,21전(6/0/1)
22861,크라운플래그,35전(2/4/7)
22890,탱고스텝,35전(7/1/3)
22955,배블클래식,19전(5/2/1)
22962,아침사랑,19전(6/1/2)
22971,유성제일,27전(3/6/5)
22977,하루에,9전(3/2/2)
23129,안성축제,26전(5/3/4)
23138,검은나비,47전(0/3/2)
23195,동방미인,22전(5/2/3)
23199,동방로즈,22전(7/2/3)
23207,리걸레이디,15전(6/0/2)
23236,샤우트하니,23전(4/1/1)
23242,파인질주,8전(1/2/1)
23246,청산도,30전(2/2/4)
23275,행복한계절,7전(3/2/0)
23319,예스트라이크,32전(6/4/2)
23347,그레이톰보이,24전(1/2/3)
23349,최선돌파,25전(2/3/3)
23396,아임레전드,28전(4/3/3)
23399,로즈라인,18전(1/5/5)
23406,케이랜즈로즈,31전(7/1/7)
23427,고스틀리갤,35전(5/6/6)
23434,두다데이,0전(0/0/0)
23441,루너룰러,31전(4/2/9)
23442,시티스타일링,19전(5/3/2)
23467,웨이팅포소피아,0전(0/0/0)
23479,센트럴코스트,42전(1/4/3)
23492,케이빌,0전(0/0/0)
23509,마그네틱플레이스,2전(0/0/0)
23556,홀리드림러브,13전(1/1/0)
23587,쿠든헬프마이셀프,25전(0/3/1)
23605,싱가포르드림,6전(0/2/1)
23696,롤링온스트롱,17전(4/1/3)
23698,레드영,18전(5/1/1)
23702,은빛투혼,14전(4/0/0)
23728,커맨드엔드호프,3전(0/0/0)
23730,박스우드,0전(0/0/0)
23746,허니팟,3전(0/0/0)
23824,아프리칸골드,7전(1/2/0)
23884,퍼스트스테이지,4전(0/1/1)
23893,이츠트루블루,0전(0/0/0)
23903,파워팩,9전(4/0/3)
23919,촐룰라캣,9전(0/1/2)
23920,럭앤드페임,8전(3/0/1)
23921,다이아몬드브리나,7전(1/0/0)
23926,스톨른미스,6전(1/0/1)
23937,스피닝윈드,7전(2/2/1)
23947,골드플라이어,17전(1/4/0)
23948,러브마이와일드캣,0전(0/0/0)
23985,스위트스마일,8전(0/1/0)
24009,퀸카,17전(0/0/0)
24025,총알처럼,33전(1/2/5)
24031,델리시아스,1전(0/0/0)
24032,헤이고져스,10전(1/2/3)
24094,프리트인그란,44전(3/3/6)
24099,본프로스펙터,23전(3/4/1)
24138,스페셜레드,2전(0/0/0)
24146,마오노,18전(3/3/1)
24155,올블레싱즈,11전(0/0/2)
24174,최초로,33전(6/2/5)
24222,에이원,26전(5/3/2)
24341,센걸,14전(4/2/3)
24343,임페리얼스타,22전(6/5/3)
24354,다이아캣,5전(1/1/2)
24368,싸이클론,18전(4/5/1)
24371,샤프컨셉,34전(5/2/6)
24383,골든스톰,11전(1/2/2)
24408,새벽천사,24전(4/3/1)
24425,수호천사,34전(2/4/4)
24435,어매스,20전(4/3/4)
24436,마이티포에버,39전(3/6/4)
24453,댄징샐리,31전(2/4/4)
24463,기억날그날,18전(5/1/3)
24475,님의찬가,19전(1/2/1)
24514,다이나스퍼트,16전(1/2/3)
24553,승리의함성,34전(6/2/3)
24562,동방의미소,13전(1/2/2)
24609,럭키박스,23전(3/3/5)
24651,명서돌풍,24전(3/1/3)
24690,와일드캣,15전(4/3/0)
24712,빅터우먼,21전(3/1/1)
24718,나이스터치,16전(1/0/4)
24748,라온리치,20전(3/2/2)
24762,실비아그린,32전(2/4/2)
24767,불꽃기상,17전(7/1/2)
24775,신한우먼,1전(0/0/0)
24922,용두성,15전(9/3/1)
24924,피렌체,34전(4/3/3)
24932,버터플라이,9전(1/2/1)
24968,레몬펀치,7전(1/1/0)
24984,금수옥주,4전(0/0/2)
25043,뷰티이천,18전(3/5/1)
25045,천둥번쩍,41전(4/5/4)
25117,성공시대,2전(1/0/0)
25154,히어더레이디,28전(3/3/3)
25175,노던파크,27전(2/7/4)
25176,한바다,22전(1/1/3)
25197,희망북소리,28전(2/2/1)
25203,미스윈,39전(3/6/3)
25228,마이더스빅터,14전(3/2/0)
25236,블루차밍,28전(4/2/4)
25249,선시드,11전(4/1/1)
25293,머스탱퀸,20전(5/5/1)
25308,여왕폐하,23전(3/1/1)
25316,달리자,17전(3/1/0)
25318,오스틴,12전(0/1/0)
25339,굿모닝,15전(3/1/2)
25452,퓨앤파비트윈,4전(1/1/0)
25475,다이아몬드드라고,0전(0/0/0)
25481,홀리버드,9전(0/0/1)
25484,앨리스프레모,15전(3/2/3)
25563,쿠킨아웃,19전(1/3/2)
25574,패리실튼,0전(0/0/0)
25605,새벽드림,7전(0/0/0)
25698,바잔키티,6전(0/0/0)
25699,네이티브벨,9전(1/2/2)
25707,퓨펄,10전(3/6/1)
25711,메인어브젝티브,1전(0/0/1)
25713,레인어브타라,11전(2/1/2)
25717,런라이트스루,18전(4/4/5)
25720,위스콘신걸,13전(2/1/0)
25723,위시미석세스,7전(2/1/1)
25724,댄싱스퀄,18전(3/1/2)
25735,와일드러시크릭,0전(0/0/0)
25737,인터처블,3전(0/1/1)
25738,루시판드,29전(3/4/3)
25742,로사로즈,13전(2/2/2)
25743,화이널멜로디,14전(1/3/2)
25744,베이비북,54전(13/21/4)
25745,스위트메리티,12전(1/0/1)
25747,메릴즈스피릿,21전(6/2/3)
25750,댄싱위드스타즈,12전(1/1/1)
25756,핫실버,9전(1/3/2)
25767,메시지레드,14전(6/5/1)
25773,스마트어드바이스,19전(3/2/2)
25780,선골드스키피,13전(1/1/1)
25782,킵유어윗어바웃유,22전(3/4/4)
25787,메이크마인미니,15전(2/4/4)
25808,캡티브,13전(4/2/1)
25833,엑스파일,40전(5/4/11)
25929,롱런드림,5전(2/1/0)
25983,파워풀미스지,10전(2/3/1)
26041,오버파워,22전(4/2/3)
26046,카밀라,24전(2/3/2)
26055,온리포윈,6전(0/0/0)
26075,불릿,10전(2/1/0)
26083,북대풍,26전(6/2/0)
26088,아이러브유,15전(3/0/1)
26108,쇼우타임,19전(2/2/2)
26109,로열스텝,55전(4/3/5)
26120,아이리스,26전(2/5/3)
26143,토치,17전(2/3/6)
26148,무한신조,26전(1/10/3)
26254,컨셉리처블,20전(5/3/1)
26257,제이스톤,18전(4/1/3)
26386,블랙탄,27전(2/6/1)
26402,차이밍비카,35전(6/2/1)
26440,빅타임,23전(4/2/1)
26454,아라제일,26전(1/6/4)
26457,풀문파티,32전(7/0/5)
26470,스위트뮤직,32전(3/2/3)
26491,워존챔프,13전(1/3/1)
26537,금따,23전(7/1/1)
26630,광야일출,22전(1/4/2)
26633,그레이트엔젤,5전(0/2/0)
26663,웰빙퀸,3전(1/0/1)
26703,조이너피스,15전(3/3/1)
26716,펠로스글로리,22전(1/1/1)
26737,축제,15전(0/4/1)
26766,천은,20전(6/2/1)
26785,킹덤레이스,25전(3/4/5)
26797,으뜸칸,21전(5/3/1)
26878,여의골드,25전(5/4/2)
26909,남행열차,5전(0/0/0)
27000,기적의천사,0전(0/0/0)
27002,싱그러운초원,20전(1/2/2)
27003,동해야,0전(0/0/0)
27005,별기,0전(0/0/0)
27049,짝꿍,26전(6/1/4)
27062,어메이징파티,4전(0/0/0)
27067,나르자,16전(2/1/3)
27068,동트자,22전(7/3/4)
27079,와이어와이어,22전(2/3/4)
27094,억순이,29전(3/2/3)
27143,위너트로피,19전(2/2/2)
27150,그랜드카라반,9전(0/0/0)
27163,금빛물결,23전(3/0/4)
27166,레모니시마,15전(0/1/4)
27215,록킹룰러,21전(2/1/4)
27228,임페리얼걸,32전(3/2/4)
27229,깍쟁이,23전(6/5/4)
27232,꽃여울,26전(1/8/4)
27304,뉴윈디,13전(3/2/1)
27425,빅파워,29전(4/2/2)
27436,레벨프라이드,22전(1/0/1)
27451,엔들리스헤로인,8전(1/0/0)
27476,콰이어트터치,5전(0/2/1)
27477,밋미인드림랜드,9전(2/0/1)
27479,엠파이어리더블드,0전(0/0/0)
27480,나필리베이,27전(4/5/7)
27482,프레리타운십,0전(0/0/0)
27485,캔들글로우,8전(0/2/3)
27487,싱섬싱컨트리,0전(0/0/0)
27497,소천하,69전(2/6/7)
27527,세미놀선샤인,0전(0/0/0)
27534,아이즈어글로우,0전(0/0/0)
27537,리얼로우즈,1전(1/0/0)
27538,스트링밴드,0전(0/0/0)
27539,골든데일,0전(0/0/0)
27542,플라이위너,26전(1/1/4)
27544,에스에스벨,47전(9/4/3)
27557,머제스틱엠프리스,2전(0/1/0)
27574,영크라운,23전(3/2/3)
27598,남산축제,39전(5/5/3)
27707,챔피언홀더,3전(0/0/0)
27712,푸른에너지,9전(3/2/0)
27718,폭스레이,12전(2/4/1)
27730,오리엔탈패스,11전(3/0/1)
27760,카이제린,11전(1/2/1)
27824,한샘가온,12전(0/0/0)
27886,럭키섀리,12전(4/1/0)
27923,라이런,8전(2/2/1)
27924,허리케인점프,18전(3/3/1)
27949,루비캔터,26전(4/2/6)
27957,용마루,11전(2/2/1)
27996,행주산성,6전(1/0/0)
28001,라이크더윈드,28전(2/1/2)
28006,야후비올라,21전(1/1/3)
28091,미라클원더,16전(7/4/0)
28098,점보스피드,9전(2/1/4)
28107,칼라하리,20전(2/6/1)
28197,배다리퀸,36전(1/3/4)
28223,다이아찬스,11전(3/2/1)
28284,한반도정복,38전(4/3/2)
28303,리틀재규어스,20전(2/4/2)
28322,라온발리,13전(2/4/1)
28341,퀸즈스텝,32전(3/3/3)
28365,허니캠프,11전(1/1/2)
28416,찬란한여명,4전(3/0/0)
28441,볼륨업,23전(3/1/4)
28463,셈바왕,6전(3/1/0)
28468,파인공주,17전(5/3/2)
28482,우승이야기,13전(4/1/2)
28490,신용퀸,16전(3/5/0)
28543,줄라이모닝,9전(3/2/1)
28558,민아,18전(2/0/1)
28571,태산번쩍,11전(5/1/1)
28581,코러스원,30전(1/4/3)
28612,무한신뢰,16전(2/3/2)
28663,이레캣,17전(4/1/3)
28677,스마트퀸,26전(0/3/6)
28678,베스트하이,36전(3/5/4)
28694,샌드퀵,19전(6/1/1)
28705,천년나래,24전(1/9/1)
28740,파티레이나,27전(3/4/2)
28768,리비어덕션,21전(4/3/3)
28774,조광,50전(3/4/5)
28798,선기어,15전(4/2/2)
28867,프리실라,8전(3/1/2)
28962,노블만료,0전(0/0/0)
28964,센서리어스키스,23전(0/0/2)
28965,스털링스트라이드,2전(1/0/0)
28966,윌링미스,0전(0/0/0)
28968,나우코프위드디스,3전(1/0/1)
28970,라레인델라보어즈,0전(0/0/0)
29001,퀸클리팀네스트러,25전(2/5/4)
29024,홀리드라이브,20전(1/3/0)
29041,록오브선더,20전(0/3/0)
29061,대산여제,10전(0/1/3)
29062,대화합,25전(2/1/1)
29063,인디언호퍼,17전(3/0/0)
29065,초원의별,19전(3/3/2)
29072,바람꽃,31전(0/1/1)
29075,뉴미디어,9전(4/0/1)
29126,원더데이,5전(3/1/0)
29128,야호돌핀스,13전(2/1/1)
29130,꽃마루,27전(2/0/4)
29135,에스퀸,34전(0/0/2)
29148,해피댄서,13전(2/3/1)
29160,인디언체로키,23전(3/2/2)
29161,황금대로,32전(0/3/3)
29181,해광,29전(0/1/3)
29182,비바라슬램,8전(1/0/1)
29193,상류,24전(5/3/3)
29197,대싱플래티넘,16전(2/3/3)
29261,어번와우,23전(1/4/1)
29289,웨이업데어,50전(13/9/7)
29298,동방신화,24전(1/2/2)
29303,라온볼드,25전(3/1/2)
29306,멀티챔프,20전(2/1/3)
29325,라피네,8전(1/1/0)
29354,스트라이크이글,0전(0/0/0)
29360,설트리조스키,0전(0/0/0)
29366,일루시브로시,4전(0/0/0)
29386,모어인트리그,1전(0/0/0)
29388,트레킹,8전(2/3/0)
29392,모너,24전(5/6/1)
29393,시홀리,9전(2/0/1)
29416,라이드미투더문,10전(1/2/2)
29417,셀시,2전(0/1/0)
29425,브리짓스드림,26전(4/4/8)
29429,더스티즈튠,13전(2/2/0)
29430,코라벨라,3전(1/0/0)
29433,스타어브아바,5전(0/0/0)
29436,라벨비,3전(0/0/0)
29442,메즈머리징레이디,0전(0/0/0)
29443,스위트오일,3전(0/0/0)
29456,다이아몬즈인더스,8전(3/0/0)
29461,퍼리지안,14전(4/0/3)
29464,퀘일런,5전(1/1/2)
29467,스트리트골드,3전(0/1/1)
29480,골드퓨처즈,1전(1/0/0)
29481,레이티스트스쿠프,10전(1/1/4)
29484,걸즈라이크,0전(0/0/0)
29513,큐피드걸,19전(4/1/3)
29549,터프한걸,2전(0/0/1)
29561,스팅캠프,22전(2/3/6)
29600,화이트이글,11전(2/1/1)
29619,금빛환희,19전(5/3/2)
29621,상왕전,9전(1/1/2)
29640,다이아파워,23전(5/4/2)
29670,금포엔젤,35전(3/3/1)
29675,오버스피드,14전(3/2/2)
29676,포트레이,22전(3/5/4)
29748,행운성,25전(2/1/3)
29800,펠리시티,16전(3/2/2)
29809,평화포럼,20전(2/1/3)
29921,원더드리머,27전(2/1/4)
29926,심신지려,47전(4/3/5)
29933,퍼펙트레이디,17전(1/0/4)
29951,마볼트,33전(3/4/5)
29956,아르누보,4전(3/0/0)
29990,동방의새아침,33전(7/4/2)
30005,앰버고,9전(4/0/0)
30034,럭키시스터,22전(1/1/3)
30084,행복천사,21전(5/4/0)
30086,슈퍼플러키,13전(4/1/3)
30096,라온나리,0전(0/0/0)
30140,마이스타일,15전(3/4/3)
30155,스페이스셔틀,25전(4/1/3)
30226,퀸오브메니,0전(0/0/0)
30243,스페셜킹덤,18전(5/0/0)
30244,퀸즈블레이드,17전(8/5/0)
30274,퍼스트워리어,16전(1/4/1)
30277,헤이주드,19전(3/1/3)
30308,다크레이디,39전(3/3/5)
30321,클린업스피드,11전(4/2/1)
30354,빛나는새벽,13전(1/4/3)
30377,에이스더블,30전(4/5/1)
30384,슈거빅토리,24전(3/3/5)
30394,마이걸,2전(0/0/1)
30410,골드,2전(0/0/0)
30449,신세계신화,28전(2/4/8)
30487,대륙강자,19전(0/1/2)
30499,우아등선,14전(6/0/1)
30503,검화,12전(4/0/0)
30507,누비퀸,26전(4/2/3)
30615,가문여장군,19전(2/5/1)
30663,월들리듀드,1전(0/0/0)
30673,늘푸른타이거,42전(5/4/1)
30706,대각힐원만,18전(2/2/2)
30708,투어캠프,14전(3/2/2)
30733,범블비,1전(0/0/0)
30772,중앙공주,23전(4/4/2)
30812,진격의질주,16전(3/2/2)
30842,랩소디,15전(3/0/4)
30870,엠제이스타,12전(2/0/0)
30875,실버파운틴,11전(1/1/0)
30901,멀티럭,26전(5/3/2)
30905,절세가인,18전(2/4/4)
30926,북새명가,9전(1/1/0)
30927,푸른미소,17전(4/1/3)
30951,대륙의별,28전(1/3/2)
30953,펠릭스조이,19전(1/2/4)
30960,마리카,13전(2/3/3)
30973,아이디이천,23전(2/1/0)
31009,샌드서핑,21전(0/2/3)
31014,천억이,10전(0/0/0)
31031,플라이톱퀸,16전(7/1/1)
31036,동서대륙,14전(3/4/0)
31041,폭풍히어로,11전(3/1/4)
31043,여시,27전(1/4/2)
31051,홀리워크,24전(3/2/6)
31053,부경게이트,19전(0/0/0)
31056,바다새,19전(3/1/2)
31067,스마트체스넛,20전(1/2/3)
31093,인디언블루,21전(5/4/5)
31108,라온루비,14전(3/3/1)
31120,어모멘트투라스트,27전(3/2/3)
31175,로열리뷰,14전(3/1/0)
31184,윈디밸리,6전(0/0/1)
31190,파스디프라블럼,7전(0/0/1)
31193,낫애니모어,28전(3/6/4)
31204,선블레이드,15전(4/2/2)
31212,퍼펙트스킵,8전(1/2/0)
31221,스트롱윈드,15전(4/1/1)
31232,프런틴,10전(1/1/1)
31236,히어컴즈서머,1전(0/0/0)
31237,토털리톡식,0전(0/0/0)
31238,프리넙셜,11전(2/1/0)
31239,베이그노션,3전(1/0/0)
31241,스피닝얀,21전(3/4/3)
31244,그레이트브리지,56전(7/5/12)
31250,거츠게임,43전(6/6/5)
31258,로카두니래스,0전(0/0/0)
31259,스윗익스체인지,33전(3/3/6)
31263,스페시픽히트,0전(0/0/0)
31267,쉬저스트마이트,11전(1/0/2)
31268,파이어앤바이스,0전(0/0/0)
31270,폭풍속으로,19전(0/3/3)
31273,임브레이싱크리시,13전(1/3/0)
31275,벨어브더문,6전(0/1/2)
31276,코마릴로,13전(3/1/2)
31277,커리어타임,0전(0/0/0)
31279,탭탭안토니에타,7전(1/2/1)
31281,다이나믹바비,23전(3/2/5)
31286,와일드딕시갤,0전(0/0/0)
31292,시티버드,11전(3/5/0)
31295,더로열,0전(0/0/0)
31297,그랜드보닛,6전(0/0/0)
31298,더블브릴리언트,39전(2/5/7)
31310,구글렛,9전(2/1/0)
31314,백두캣,9전(1/2/0)
31317,텐자스팔미라,17전(4/2/2)
31375,드림갤러퍼,3전(0/0/0)
31427,스페셜로드힐,33전(2/8/3)
31456,보자르,19전(4/3/2)
31482,다이아걸,14전(3/2/1)
31483,플리트비체,22전(4/2/2)
31493,파워앤스피드,18전(5/1/1)
31520,특급이,0전(0/0/0)
31523,폴리아스,0전(0/0/0)
31551,스마트타임,21전(5/5/1)
31557,질풍당당,7전(1/1/1)
31588,어거스트러쉬,16전(5/0/2)
31609,호루라기,25전(4/3/4)
31633,듀앨폭풍,18전(1/0/2)
31642,에코블루,15전(5/3/3)
31643,해피투데이,49전(1/11/2)
31670,릴리브라보,0전(0/0/0)
31685,금순이검지,21전(1/5/1)
31687,비호바람,23전(3/3/1)
31706,대왕대비,6전(0/0/0)
31761,해운대기상,10전(3/2/1)
31780,꿈캐라,13전(3/3/3)
31792,샤인클로버,23전(1/7/5)
31816,위즈스파크,19전(4/1/1)
31824,미래여제,1전(0/0/0)
31834,연승불패,8전(0/1/0)
31866,오션블루,18전(3/1/1)
31901,에이스마린,7전(2/0/3)
31973,오피서레이디,2전(0/0/1)
31992,너와기쁨을,8전(1/0/2)
31996,메니머니,27전(8/6/5)
32006,월드퀵,34전(3/6/4)
32054,그레이스,24전(4/2/1)
32060,월드퀸,30전(3/5/6)
32087,퀸위너,13전(1/1/0)
32113,럭키하트,37전(4/2/5)
32115,굿스타트,6전(2/0/1)
32119,그랜드캠프,14전(3/3/2)
32127,럭키뮤직,27전(4/3/5)
32129,샤프게일,30전(6/7/2)
32137,일망무제,17전(3/4/1)
32210,퀸크릭캣,28전(7/4/3)
32214,행운누리,33전(3/1/1)
32217,스위트일루전,9전(0/2/1)
32227,서라벌공주,15전(3/7/1)
32237,레전드비긴,0전(0/0/0)
32239,천년의기쁨,22전(6/3/1)
32261,인디언파크,15전(3/2/0)
32285,골드웨이브,27전(4/6/3)
32317,로열제이,4전(1/0/2)
32372,인비엑티브,23전(3/8/4)
32396,주얼리파티,26전(5/5/2)
32471,포트스덕션,10전(1/1/0)
32489,스마일퀸,24전(2/6/0)
32490,금수봉,11전(3/4/1)
32502,콜미레이서,1전(0/0/0)
32517,지봉사랑,18전(4/3/2)
32518,골드마인,4전(1/2/0)
32550,희망로켓,16전(4/0/2)
32556,한라의돌풍,19전(1/1/1)
32568,인디언스타,29전(11/4/3)
32601,클린업시드,33전(1/3/1)
32602,클린업비전,14전(3/2/0)
32605,아르고챔프,21전(4/3/3)
32616,프로포즈,20전(4/4/1)
32623,미미의오자매,16전(2/1/2)
32651,라이언갤러퍼,16전(2/3/3)
32678,라비치스,2전(0/0/0)
32688,미즈마고,38전(5/11/8)
32689,알파여신,4전(0/0/0)
32721,얼짱불패,12전(0/2/2)
32759,한라축제,38전(5/6/2)
32760,톱프리티,25전(0/0/2)
32775,셀럽,12전(1/1/0)
32819,홍바오,15전(2/1/2)
32847,빛의여왕,19전(1/0/1)
32878,템플테이션,0전(0/0/0)
32900,도원결의,14전(2/2/2)
32914,미스로브,9전(2/0/0)
32915,인디언명운,7전(1/0/1)
32925,질풍대세,21전(4/2/1)
32940,펠라피네,4전(0/0/0)
32942,걸인스타일,4전(0/0/0)
32943,유아더베스트,3전(0/0/0)
32944,팬시폴리,8전(1/0/1)
32945,후즈퍼펙트,40전(3/4/5)
32953,불굴의투사,24전(2/2/3)
32955,금포여장군,33전(2/2/3)
32968,산타마리,37전(1/1/4)
32986,캔디스골드,9전(0/1/3)
32992,회오리바람,7전(0/0/0)
33016,디렉션,2전(1/0/1)
33017,월드클래스Ⅱ,2전(0/0/0)
33022,그리자이,12전(1/1/1)
33025,스마티코타,8전(2/3/1)
33029,로렌브레이,18전(4/3/0)
33030,허드잇비포,0전(0/0/0)
33032,패티즈스위트송,9전(1/1/1)
33033,투디엔드어브디어,13전(2/2/3)
33036,미스다이앤,22전(5/5/2)
33037,리스킨잇올,1전(0/0/1)
33038,진즈바,10전(0/0/2)
33046,미스킥,19전(2/6/4)
33047,서브잇콜드,9전(1/2/2)
33048,로빈즈레인,0전(0/0/0)
33050,그레이스컬린,8전(0/0/0)
33066,째즈먼,0전(0/0/0)
33067,스카이라라,11전(3/2/3)
33069,디디스와일드캣,14전(2/2/3)
33077,어번쇼커,35전(5/7/3)
33079,로즈어네이티브,11전(1/1/0)
33083,바잉티그,33전(7/4/4)
33089,파이브골드링즈,7전(0/0/0)
33090,아이시미니스터,0전(0/0/0)
33092,딜라이트펄송,6전(2/1/2)
33093,팔메토블룹스,12전(1/3/4)
33098,하버걸,8전(1/2/2)
33100,캐쥬얼애티튜드,23전(9/3/4)
33103,토카르마데라,0전(0/0/0)
33104,매치리스모멘트,10전(1/1/2)
33106,프러클레임,10전(2/2/1)
33113,프로퍼나이트,2전(1/0/0)
33114,스크루이,0전(0/0/0)
33118,미네하하시크,15전(2/3/3)
33120,키튼즈프라이드,0전(0/0/0)
33121,스테인드글라스,31전(4/4/5)
33167,동남대로,12전(1/0/1)
33198,쾌도신화,17전(2/4/2)
33282,해피센세이션,22전(3/5/3)
33307,클린업휘슬,12전(1/0/3)
33321,모닝스카이,22전(4/2/3)
33386,프렌치걸,9전(1/1/0)
33390,니케다이아,0전(0/0/0)
33401,와이키키,20전(3/2/3)
33447,마중물,29전(3/9/2)
33454,대한천왕,17전(4/3/0)
33483,호승지벽,12전(5/3/1)
33528,베트파티,11전(1/0/0)
33603,모닝제주,6전(0/0/0)
33625,메니스타,2전(0/0/0)
33736,명가캠프,2전(0/0/0)
33810,댄싱스타,19전(2/3/7)
33835,골드럭키,3전(3/0/0)
33837,라스트코디,8전(3/1/0)
33871,지봉블루,4전(2/0/1)
33879,핑크블레이드,22전(5/3/3)
33897,삼바페스티벌,23전(5/1/2)
33973,옥녀봉,15전(2/2/1)
34062,유성타이거,12전(4/2/0)
34063,산타글로리아,28전(4/1/2)
34070,캐피리버,4전(1/1/0)
34080,화이트블루,10전(2/0/1)
34199,성불오름,21전(4/1/1)
34252,골드모닝,12전(3/1/1)
34296,채스터티,17전(2/4/2)
34297,인본챔프,18전(2/2/2)
34391,쏘아라여왕,13전(5/0/1)
34406,별무리,24전(4/3/1)
34427,제이원,17전(0/1/2)
34441,아오모리특급,0전(0/0/0)
34459,장산대로,16전(2/4/1)
34489,홀리데이드림,27전(3/6/2)
34517,라온카리스,10전(1/2/1)
34538,레이디프레스카,13전(2/1/3)
34561,헤이퀸,24전(4/6/2)
34562,내사랑담양,24전(2/2/3)
34566,선샷,17전(5/2/1)
34575,금아빅토리아,16전(2/0/0)
34578,메다글로리아,10전(2/3/1/)
34584,쇼킹데이,4전(0/0/0)
34588,보헤미안소드,2전(0/0/0)
34593,야전사령관,2전(0/0/0)
34605,그라운드룰러,1전(0/0/0)
34624,이스트퀸,16전(5/3/2)
34633,투스텝삼바,10전(2/1/3)
34635,겨울왕국,30전(3/5/0)
34643,쿨터치,14전(2/1/2)
34651,콩코드Ⅱ,29전(3/1/5)
34653,그랜드마케팅,5전(1/1/0)
34657,아름다운동행,29전(8/1/3)
34675,슈퍼드림,14전(1/0/1)
34688,위대한참전,5전(0/0/0)
34697,큐피드총알,16전(4/2/1)
34731,베스트뱅크,14전(1/0/1)
34774,마이네샹젤리제,8전(1/0/0)
34775,미스콘체르토,34전(8/5/7)
34820,숍인밀라노,5전(2/0/0)
34827,패스트앤플래시미,0전(0/0/0)
34829,뷰포인트,3전(0/0/0)
34839,리저브드포투,17전(4/3/3)
34843,젠틀먼즈로킷,12전(1/2/2)
34844,사이퍼비트,19전(4/1/1)
34847,스위치잇,11전(2/2/1)
34848,팻츠이미지,38전(3/6/5)
34849,미스개츠비Ⅱ,3전(0/0/0)
34850,소우시크,0전(0/0/0)
34851,프루갈락,5전(1/1/0)
34861,럭키샤이니,12전(0/0/1)
34866,은빛환희,14전(2/0/1)
34876,엠파이어캔디,8전(0/0/0)
34879,밀키스마일,4전(0/0/2)
34884,돈나구스카,25전(6/5/3)
34887,어메이징서프라이,2전(0/1/0)
34888,블루제라늄,12전(2/5/0)
34889,컨테서즈모멘트,7전(1/0/2)
34891,디바인신디,1전(0/0/0)
34892,매그니피션이미지,16전(2/2/1)
34893,실버블로섬,0전(0/0/0)
34894,토니투스완,67전(12/10/21)
34897,쇼우미어게인,1전(0/0/0)
34898,돈스피치,22전(5/6/1)
34901,원굿북,8전(1/0/1)
34902,에스키모즈베스트,37전(8/6/7)
34903,벨이밴저린,11전(3/2/3)
34915,백스터홀,17전(3/4/2)
34916,사이치,1전(0/0/0)
34920,양키참,3전(0/0/0)
34926,라이징코리아,6전(3/2/0)
34942,동해텐텐텐,7전(1/1/2)
34985,엑톤신화,19전(2/2/5)
35075,필라니케,20전(3/6/0)
35076,큐피드레이디,16전(6/3/1)
35079,믿음의빛,3전(0/2/1)
35083,백산여왕,16전(1/2/1)
35128,평촌라이언,15전(3/1/0)
35142,선플라자,13전(0/1/4)
35144,뉴하이타임,17전(3/2/1)
35175,노피곰도다샤,9전(0/1/1)
35196,금악여제,10전(4/1/1)
35230,역대최상,25전(2/4/5)
35257,얼음공주,14전(3/2/1)
35291,월드피스,13전(1/0/1)
35326,은하철마,8전(3/1/0)
35372,아테나선더,6전(3/0/0)
35468,샤프호프,4전(0/0/3)
35533,팔메토플래터,0전(0/0/0)
35651,에클레어드림,12전(1/1/2)
35697,최고야최고,21전(0/4/1)
35723,선스마트,16전(3/0/4)
35751,스페셜파워,3전(0/0/0)
35792,스칼렛위치,20전(4/4/1)
35794,리틀소시에,15전(1/4/1)
35795,허리케인드림,6전(0/2/0)
35869,즐거운함성,24전(2/4/3)
35880,스톤블레이드,3전(1/0/1)
35921,금빛공주,9전(0/2/2)
35957,유정여장군,3전(0/1/0)
35964,소중한인연,27전(1/3/4)
36045,반지의장미,20전(2/0/3)
36119,메니파크,19전(3/2/0)
36198,나라오름,2전(0/1/0)
36256,골드플라잉,15전(3/3/2)
36261,예원케이,4전(2/0/0)
36287,트윈지지,2전(0/0/1)
36289,캔데슨트,4전(1/1/0)
36291,준클리버,8전(2/1/1)
36293,플래쉬딜라이트,9전(4/1/2)
36294,비바비노,27전(3/2/4)
36296,런키튼런,10전(1/1/1)
36298,바이스댄서,8전(0/0/3)
36310,텔미허니,0전(0/0/0)
36312,패션드,2전(0/0/0)
36314,올와이즈,24전(3/2/3)
36316,론다도르,6전(0/1/1)
36323,토네이도앨리,19전(2/2/3)
36324,서머오페라,10전(1/2/1)
36328,액셉팅페이트,0전(0/0/0)
36330,쿠마나,27전(5/3/5)
36338,터치마이하트,0전(0/0/0)
36339,콰이어트시크릿,1전(0/0/0)
36340,크리스털레거시,1전(0/0/0)
36343,패스테릭,0전(0/0/0)
36344,베네피셜프렌드,0전(0/0/0)
36347,토피어리,22전(3/0/3)
36350,디바인사라,4전(1/1/0)
36351,코지포나우,21전(2/3/4)
36352,아큐판시,4전(1/1/0)
36354,태피튜드,8전(1/1/3)
36363,프리릴리스,2전(0/0/1)
36394,탐라퀸,8전(0/0/0)
36420,노스몰코리아,9전(2/0/1)
36432,청상의별,24전(2/0/2)
36449,가시공주,8전(1/2/0)
36462,와우캣,20전(4/2/3)
36468,블레이징스타,25전(5/0/3)
36473,시크릿랩소디,8전(0/0/1)
36549,토미켄스프링,23전(2/3/1)
36585,스마트치프,9전(0/0/1)
36586,레드딕시,20전(1/1/1)
36587,럼시더,37전(7/7/4)
36589,루시엔,7전(2/0/0)
36595,포우수,26전(3/4/3)
36597,파아던마이서롱,8전(2/2/0)
36598,배그대드커페이,8전(1/1/0)
36599,프리마포어저,15전(3/0/0)
36600,래턴펑크,4전(1/0/0)
36601,플룸,23전(3/4/1)
36611,에이티파이브에스,88전(10/12/13)
36612,엘리사타운,7전(0/2/0)
36613,벤트온글로리,3전(0/0/1)
36614,휴지호프,29전(2/2/2)
36616,스칼렛스타렛,7전(1/0/1)
36618,그레노블,15전(1/0/2)
36619,잇메익스헐민,19전(1/3/3)
36621,뉴문온먼데이,6전(1/1/0)
36622,어나더헤리티지,0전(0/0/0)
36623,시티스플래쉬,25전(3/7/7)
36626,러브투러브,0전(0/0/0)
36627,새터데이나이츠럿,0전(0/0/0)
36629,서치어스위트걸,18전(1/2/4)
36631,캔디아이,5전(0/1/1)
36633,갬블링걸,4전(2/0/0)
36636,어너러리갤럽,47전(7/4/5)
36637,암어자이언트스타,0전(0/0/0)
36640,그랜드데임,9전(0/0/3)
36641,제스프릿,4전(0/1/2)
36642,리마커블스토리,0전(0/0/0)
36646,템파르니요,35전(8/8/2)
36647,캐노피로드,0전(0/0/0)
36648,올콰이어트,48전(3/4/8)
36652,아너드,12전(0/2/1)
36658,플리트코즈웨이,3전(0/0/0)
36661,스위트브랜디,1전(0/0/0)
36662,캐리비안레인,32전(7/8/4)
36664,데퓨티곤윈드,58전(10/14/10)
36668,유툭마보이즈머니,4전(0/1/1)
36672,주스바,1전(0/1/0)
36673,리틀미스플러리,7전(2/2/0)
36674,로희,0전(0/0/0)
36678,링더벨,0전(0/0/0)
36689,조지즈프레어,26전(8/3/4)
36691,테이크미어웨이투,43전(4/3/5)
36692,트라피컬선셋,6전(1/3/0)
36695,플래쉬디만티너,9전(0/3/1)
36696,히어즈벨라,11전(1/3/1)
36698,밸러드어브버티,32전(6/5/4)
36703,투리브포,7전(2/0/0)
36704,캐롤라이나문댄스,15전(1/0/2)
36705,비퍼니,0전(0/0/0)
36707,할란즈크라운,19전(5/4/2)
36710,퀘스트포석세스,23전(5/3/3)
36712,플라잉라푼젤,23전(3/5/2)
36715,스티클러,1전(0/0/0)
36717,브레시,59전(11/11/6)
36719,차이나골드,6전(1/2/0)
36720,재즈,20전(3/4/5)
36722,스윙어웨이,8전(1/1/2)
36725,태즈모나,5전(1/0/1)
36728,딕시핫샷,32전(3/6/4)
36733,핑크캔디,12전(3/2/4)
36734,토니위드앤아이,34전(10/6/6)
36736,레드벅,0전(0/0/0)
36737,루비즈에스커페이,1전(1/0/0)
36740,올인훼이버,4전(0/0/0)
36741,세인트에티엔,0전(0/0/0)
36817,벨라미공주,9전(0/2/1)
36881,삼애스타,13전(0/0/1)
36882,실버스피닝,2전(1/0/0)
36925,성불챔프,8전(1/0/2)
37277,그레이갤럭시,3전(0/2/1)
37303,송암론다도르,0전(0/0/0)
37312,조이오브캡틴,2전(0/0/0)
37488,팡팡가리,10전(3/2/1)
37640,은빛퀸,0전(0/0/0)
37648,스카이마린,13전(1/2/2)
37899,퀸에이스,2전(1/0/0)
37958,캐치더스피릿,4전(0/1/1)
37959,랭워시,16전(3/3/2)
37960,엘러벨,30전(6/2/3)
37973,제나이비나이,8전(3/1/1)
38042,무적의챔프,11전(1/0/1)
38122,할리퀸,4전(0/0/0)
38126,임팩트퀸,9전(0/0/0)
38151,이월,10전(0/0/0)
38171,로드언드프레이즈,3전(0/0/0)
38172,칼람바,8전(1/2/0)
38181,마법의순간,0전(0/0/0)
38254,팻시즈프린세스,10전(1/2/4)
38261,그레이자벨라,0전(0/0/0)
38262,나이트스카이,8전(0/2/0)
38263,레디나우,5전(0/0/0)
38267,레이디즈안트레몬,0전(0/0/0)
38271,다이나믹퀄리티,0전(0/0/0)
38272,해비샴,0전(0/0/0)
38274,인디트러블,17전(3/2/0)
38275,모테가,18전(5/1/1)
38277,리걸조앤,25전(5/0/1)
38278,스캣대디즈브리즈,33전(2/0/6)
38279,시크릿킨,32전(8/5/10)
38280,비타니,6전(1/2/0)
38285,드림스펠,12전(2/3/0)
38288,키튼즈저니,12전(1/2/4)
38290,리버포리스트,6전(1/0/0)
38292,익스체인지스튜던,32전(3/9/6)
38294,마리아즈발라도,12전(0/3/4)
38295,패전트리,13전(1/2/0)
38297,아만포어,0전(0/0/0)
38299,인디고노스,14전(3/0/1)
38300,메긴즈홀리데이,40전(2/3/6)
38303,블랙파워Ⅱ,9전(3/1/0)
38304,둘세레알리다드,5전(4/1/0)
38308,콰드릴,0전(0/0/0)
38309,쿨리스데프레이즈,5전(0/0/0)
38336,미들버그민트,14전(2/1/1)
38342,패션트렌드,15전(2/6/3)
38343,메모리즈오브미스틱,8전(1/0/2)
38344,뮤지컬참,12전(1/1/1)
38345,마이패션,10전(1/1/0)
38346,토츠어돕스,5전(2/0/1)
38347,어제이선트,11전(4/3/1)
38348,뷰티풀태시,11전(1/1/3)
38349,메이저즈걸Ⅱ,1전(0/0/0)
38350,믹스업,0전(0/0/0)
38352,블리스터링스트라,11전(1/1/1)
38353,아이스컬린,0전(0/0/0)
38354,미스보스케스,7전(0/0/0)
38355,스마트어트랙션,6전(0/1/1)
38356,문차머,15전(4/1/2)
38362,스마티비곤,3전(0/0/1)
38373,스마일메모리,3전(0/0/0)
38388,실비슬립,14전(2/1/1)
38392,쿨치킨,14전(1/2/2)
38393,퍼스트비트레이얼,18전(7/5/1)
38396,홈포더홀리데이즈,7전(1/1/2)
38398,메스인어드레스,35전(5/5/7)
38399,레드밍크스,19전(4/1/2)
38403,메트로걸,3전(1/1/0)
38404,익스퀴짓뷰티,22전(5/2/2)
38406,셔윈포레스트,15전(1/1/2)
38410,릴리벨비,23전(4/5/2)
38414,라스트워드,4전(1/2/0)
38420,데이지어데이,18전(3/3/2)
38430,블루그라스아타튜,10전(2/0/2)
39108,큐비트윈,0전(0/0/0)
39740,메이크잇애니웨어,4전(0/1/1)
39741,레드뎀,0전(0/0/0)
39749,드림딜라이트,4전(0/0/0)
39796,미미즈키턴,0전(0/0/0)
39797,스피너,39전(7/7/10)
39803,트랜스퍼메이션,9전(1/0/2)
39804,에브리바디머스트,7전(1/1/2)
39813,마이스윗네나나,32전(4/4/8)
39818,미그레이팅우르술,0전(0/0/0)
39837,포춘드림,2전(0/0/0)
39907,행복을찾아,9전(1/1/1)
39979,블루엠파이어,7전(1/2/2)
40059,레보레이디,3전(0/0/1)
40065,시어라지,1전(0/0/0)
40066,렛미스큐어퀘스천,42전(4/6/5)
40070,파워초이스,0전(0/0/0)
40081,아쿠아프린세스,37전(5/6/6)
40082,러브미니스터,57전(6/3/8)
40087,토마토레이디,11전(0/0/0)
40089,티피맥지,0전(0/0/0)
40123,마이매드캠,3전(1/0/1)
40124,아이월이프유월,18전(4/4/2)
40125,사일런트포에트리,0전(0/0/0)
40128,말리부퀸,26전(3/3/6)
40130,새즈미즈엘리자베,11전(4/3/0)
40131,세이유윌,11전(3/4/0)
40133,아스펜라이트,0전(0/0/0)
40137,커팅에지,13전(2/1/1)
40138,대즐링디스플레이,7전(1/1/0)
40139,딕시마린,5전(0/0/0)
40140,픽셔널리티,16전(2/1/5)
40141,플래시어필,19전(2/6/2)
40144,옥스포드베이브즈,4전(1/0/1)
40146,더빅앤배디스트버,7전(2/2/0)
40148,플러터버드,9전(1/5/0)
40149,리엔센,16전(3/4/2)
40150,큐트앤새시,6전(2/1/2)
40151,포추니틀리,0전(0/0/0)
40152,사이드레터,14전(4/2/1)
40155,내슬리즈바우,14전(4/4/2)
40166,호프포,5전(1/1/0)
40167,러브토어치,0전(0/0/0)
40168,미스메리케이,3전(0/0/0)
40169,시라이트,14전(1/1/3)
40170,티즈어다이나포머,12전(1/1/0)
40171,업타운다운타운,0전(0/0/0)
40172,브룩헤이븐,0전(0/0/0)
40174,몬아치라스,5전(1/1/0)
40177,사우스바운드,0전(0/0/0)
40179,브와나베이브,43전(11/8/6)
40180,케이프코드걸,9전(5/2/0)
40183,가니쉬드웨이지스,33전(2/3/4)
40184,카우아이콜즈,4전(2/0/0)
40187,롤링트루,17전(2/5/2)
40188,신즈실버댄서,34전(7/4/6)
40190,스틸앤아이스,0전(0/0/0)
40193,아워린다루,17전(1/6/2)
40194,퍼시스,0전(0/0/0)
40199,아마존릴리,7전(1/0/1)
40201,매글레브,26전(2/1/3)
40202,커리큘러,9전(0/1/3)
40205,트룰레이드빌,4전(0/0/0)
40210,어피칭리워드,34전(3/7/3)
40212,코즈투셀러브레트,10전(0/0/1)
40214,릴리울레이,7전(2/2/1)
40215,더블앤티,20전(3/3/2)
40218,딜라잇펄엠파이어,5전(0/0/0)
40219,디그리,6전(1/0/1)
40223,소노라선셋,0전(0/0/0)
40224,스트리트어페어,0전(0/0/0)
40226,라인잇업,11전(1/4/3)
40227,클라린더,16전(2/1/4)
40228,라이트유어월드,9전(3/2/1)
40229,트위즈,3전(0/0/1)
40232,파이스타미스터리,0전(0/0/0)
40233,크리에이트,0전(0/0/0)
40234,소우전러브,0전(0/0/0)
40235,아가워,29전(3/5/7)
40236,클레버타이밍,4전(1/0/0)
40237,타하우르,1전(0/0/0)
40241,시크리티브레이디,11전(2/0/2)
40242,처비아너,12전(2/5/2)
40243,컵오럭,11전(2/3/2)
40247,블레이드즈에지,9전(1/1/3)
41534,라이트마이월드,8전(1/0/3)
41537,홀리데이스타렛,3전(0/0/0)
41540,스위트테레사,19전(4/1/4)
41541,프렌드오브어프렌,7전(1/1/0)
41543,캐티베이팅,5전(0/0/1)
41544,캐칭업,8전(0/1/0)
41545,시크릿스태시,13전(1/3/3)
41554,피스풀타운,24전(6/3/1)
41555,레디투파티,31전(6/5/7)
41557,폰트,14전(3/1/2)
41563,그레이트레드뷰티,27전(2/5/7)
41872,앤즈밍크,4전(2/0/1)
41917,레이디스트럭골드,6전(1/1/1)
41919,프랜저블,0전(0/0/0)
41920,아메리칸오디세이,3전(1/0/0)
41924,하이와이어액트,15전(2/3/1)
41930,히치슬랩,6전(1/0/0)
41936,심플워즈,11전(2/2/1)
41937,홀리데이즈,0전(0/0/0)
41938,프라그노시스,8전(2/2/0)
41945,필리매디슨,18전(2/2/4)
41947,일루시브노이즈,10전(3/1/1)
41951,진저러시,7전(0/1/4)
41952,크래프티블루카트,22전(4/5/6)
41953,퍼스널리유어즈,8전(1/1/1)
41957,슈가캐인로열티,10전(3/1/2)
41958,클래시컬휴머,22전(3/2/2)
41960,언브라이드소냐,9전(1/1/0)
41962,호니미에르,25전(5/2/4)
41963,왈츠위드미컬린,6전(0/1/0)
41967,골든로즈Ⅱ,7전(1/0/1)
41968,스마트사이트,14전(1/1/2)
41969,머큐리얼메니스,6전(0/1/2)
41970,그레이스필,26전(9/2/2)
41973,디자이어투엑셀,7전(3/1/1)
41974,왝스엠파이어,0전(0/0/0)
41975,레이즈드라이트,0전(0/0/0)
41977,티즈드리미,0전(0/0/0)
41978,에스메랄다빌로보,0전(0/0/0)
41979,나스티캣,16전(4/2/3)
41980,모어미스크리시,18전(3/5/3)
41981,로스바이세,6전(0/0/0)
41982,리퀴드런치,8전(1/3/1)
41983,케어프리,0전(0/0/0)
43296,티즈판타스틱,2전(0/0/1)
43297,임브레이스유어드,0전(0/0/0)
43298,아켈레오,7전(0/0/0)
43640,사바나다나,8전(2/0/1)
44764,스패니시젬,2전(0/0/0)
44765,코코즈레디포듀티,0전(0/0/0)
44932,조커즈투더라이트,18전(2/3/2)
44933,매그니피센트마인,22전(3/0/2)
44934,페이데이키튼,11전(2/2/1)
44946,컨트리클럽쉬,30전(9/8/7)
44951,새터데이나이트라,17전(7/1/4)
44953,플래터미잰자,42전(7/8/9)
44954,스캣어웨이,14전(3/5/2)
44958,퍼링투뮤직,2전(0/0/0)
44960,어바이드,3전(1/0/0)
44961,브레이브애즈어라,23전(4/4/5)
44964,웨이팅포아스파크,5전(1/0/1)
44970,시티래스,0전(0/0/0)
44971,퀴리아,0전(0/0/0)
44972,캐시미어우즈,1전(0/0/0)
44975,아리치아,33전(5/10/4)
44978,세이굿나이트앨리,0전(0/0/0)
44979,세타라,18전(1/2/3)
44980,레이디도리스,13전(3/0/2)
44981,킬라리드,0전(0/0/0)
44982,시어리어슬리마인,0전(0/0/0)
44986,더파워오브스포트,0전(0/0/0)
44989,에반젤리칼,8전(4/2/1)
44992,슬리프리스,3전(1/1/0)
44995,어메이징스피드,24전(7/6/0)
44997,네이블커맨드,12전(3/1/1)
44999,펄파워,1전(0/0/0)
45000,프루던스,19전(1/5/3)
45005,지아,6전(0/0/2)
45006,플랜스투프로스퍼,7전(0/1/2)
45015,릴화이트도브,1전(0/0/0)
45016,페퍼딘걸,2전(0/0/0)
45018,번레거시,1전(1/0/0)
45021,미스티미셸,21전(4/1/2)
45023,소우산,9전(1/4/2)
45044,에브리모멘트,5전(1/2/0)
45047,키즈튜이션,12전(3/3/0)
45055,오너싱,0전(0/0/0)
45060,플래시플라트,14전(3/0/4)
45067,바운드포이든,18전(1/2/1)
45068,메디터레이니언펄,32전(10/7/6)
45069,스타프레즌스,11전(2/4/1)
46480,미스론다,1전(0/0/0)
46503,재쯔,4전(0/0/0)
46519,캐어리에터,41전(11/9/8)
50360,저스트어플래시,14전(1/5/1)
50366,퍼니서니,15전(3/3/1)
50522,업점프드더데블,1전(0/0/0)
50532,문보우,4전(0/0/0)
6100268,AWESOME REWARD,21전(3/4/0)
6101116,LADY ASPEN,22전(5/4/3)
6102673,GALLOPING GIRAFFE,9전(2/2/0)
6104050,OH CARAMEL,23전(4/0/2)
6104354,MS LUCILLE,0전(0/0/0)
6104472,LONG APPROACH,0전(0/0/0)
6104729,BAND OF OUTSIDERS,0전(0/0/0)
6104734,CLIFF'S SECRET,9전(6/0/1)
6104738,DANCE OVER,0전(0/0/0)
6104805,CALL AHEAD,0전(0/0/0)
6104839,PUUKU,0전(0/0/0)
6105139,TIZ MERRY,0전(0/0/0)
6105199,LET IT GO LADY,0전(0/0/0)
6105250,PYRAMYST,0전(0/0/0)
6105431,MELANCHOLY,0전(0/0/0)
6105606,DEBASE THE DOLLAR,0전(0/0/0)
6105703,GINABLU,3전(0/0/0)
6105827,LIGNITE,10전(2/3/1)
6105857,MAJESTIC JEWEL,0전(0/0/0)
6106039,RIBBON TAFFY,12전(2/2/1)
6106092,SEVEN SKIES,0전(0/0/0)
6106949,AMYLIMEHOUSE,11전(5/2/0)
6107040,DIXIE SONG,0전(0/0/0)
6107248,TALULLAH LULA,8전(1/1/3)
6107281,SEEKING SHEBA,0전(0/0/0)
6107299,IMA SOUL MISS,9전(3/0/1)
6107800,SHUNGO,5전(1/1/1)
6107867,WIND ENERGY,0전(0/0/0)
6107869,WISH AWAY,4전(0/0/0)
6108093,FREEDOM FIRE,0전(0/0/0)
6108407,PLACENTIA,5전(0/1/0)
6108650,ARI THE ADVENTURER,5전(1/1/1)
6109708,A. P. ANDREA,0전(0/0/0)
6109773,GOLDEN FLAIR,0전(0/0/0)
6109788,GEORGE'S GAL,0전(0/0/0)
6109807,FORMAL GULCH,0전(0/0/0)
6109868,SWITCHED UP,0전(0/0/0)
6110133,JESTER,69전(5/6/11)
6110280,CHINCHILLA,34전(4/6/5)
6110391,HARPER'S SONG,0전(0/0/0)
6110817,BATTLE CREEK LADY,19전(1/5/4)
6111095,NASH'S JOY,7전(2/1/0)
6111259,BALANSENSE,9전(0/0/0)
6111271,CHARISMATA,13전(2/3/3)
6111288,FAVORABLY,2전(0/0/0)
6111566,LADY DAPHNE,4전(1/0/0)
6111768,MOORED,0전(0/0/0)
6112539,COLONA,0전(0/0/0)
6112569,BRILLIANT FUTURE,0전(0/0/0)
6112673,NAUGHTY HOLIDAY,12전(3/2/1)
6112780,AND STAY OUT,5전(0/1/0)
6113075,RANGERETTE,0전(0/0/0)
6113146,BESTPERSONALREGARD,1전(0/0/0)
6113536,ALISA'S CATCH,0전(0/0/0)
6113589,MEDICINE BUTTE,4전(0/2/0)
6114370,AMERICAN COUNTY,16전(4/3/4)
6114549,DELIGHTFUL DAWN,0전(0/0/0)
6114688,CLEVER GRETEL,12전(2/1/1)
6114860,HIDDEN REALITY,0전(0/0/0)
6115269,ITALY GIRL,0전(0/0/0)
6115276,MAKING A POINT,0전(0/0/0)
6119161,LENGTH,8전(1/1/1)
6119731,SLY HUMOR,19전(3/6/2)
6124635,PEGASUS PRINCESS,2전(0/0/0)
6124785,INDY'S MILLION,8전(1/0/1)
6124793,LUXURIOUS,0전(0/0/0)
6124798,PADEN AFFAIR,0전(0/0/0)
6125151,ENGAGINGLEE,25전(4/6/4)
6125229,VIVID STORM,0전(0/0/0)
6125327,ROSSEZZA,5전(1/1/0)
6125842,SHORT IRON,6전(1/1/1)
6126367,TEQUILA N' LIME,37전(5/4/11)
6127333,THEYPLAYINGOURSONG,20전(3/5/2)
6127538,TIZNOW PEACE,0전(0/0/0)
6127634,ROMANTIC STORM,0전(0/0/0)
6127735,DUST IT,7전(0/0/2)
6128303,LOOKSGOODFROMHERE,8전(1/2/0)
6128332,PURSUING FATE,0전(0/0/0)
6128339,SAKRA,0전(0/0/0)
6128467,COOL,0전(0/0/0)
6128993,MUNNINGS' FINEST,0전(0/0/0)
6129018,TURKISH TABBY,0전(0/0/0)
6129310,HORTENCIA,0전(0/0/0)
6129683,BAGANARA,0전(0/0/0)
6130166,OUTRAGE,0전(0/0/0)
6130170,TINKERMIA,0전(0/0/0)
6130371,DANCING DREAMS,0전(0/0/0)
6147388,POMPOUS LADY,0전(0/0/0)
6148429,FUZZY KIM,0전(0/0/0)
6148915,MAUI TOWN,0전(0/0/0)
6150017,BACKSIDE BELLE,13전(1/1/2)
6150116,JUST BE KIND,18전(4/2/1)
6323244,SHOW ME THE ROSES,7전(0/1/1)
6325336,TREPIDATION,0전(0/0/0)
6332398,SMOKEY GLACKEN,5전(3/0/2)
6332425,FIVE SECOND FUSE,11전(3/0/2)
6334245,POPULARAFTERSCHOOL,6전(0/1/2)
6347049,LONE PEAK,3전(0/0/0)
6409543,FAN APPEAL,10전(2/0/2)
6413420,WEDGEFIELD,19전(1/0/2)
6450956,TIS ME,33전(8/10/1)
6482749,SHEAR ATTITUDE,8전(0/0/1)
6506292,DANCE SPECIAL,4전(0/0/1)
6516517,AMMALU,2전(0/1/0)
6525165,BLUEYED LASS,12전(4/4/2)
6526797,HOLY BUBBETTE,13전(6/2/0)
6529255,FEARLESS WILDCAT,1전(0/0/0)
6593995,WESTERN WOMAN,14전(2/2/0)
6615631,BETTY'S WISH,10전(5/2/2)
6677561,COUNTTHEBLESSINGS,11전(4/2/0)
6680472,GHAZO,0전(0/0/0)
6779769,GOLD INDY,6전(1/1/2)
6779958,SAOIRSE CAT,25전(4/2/3)
6780058,YOU'RE BEAUTIFUL,8전(1/1/0)
6782685,CALL THE KITTY,24전(4/1/2)
6783092,STELLA PRIMA,0전(0/0/0)
6783183,ERMINE SLIPPERS,4전(0/0/1)
6783501,TICO BREEZE,9전(0/2/1)
6783661,CLEAR POND,8전(2/0/1)
6783787,WARM SHOWER,4전(1/1/0)
6784682,SHE'S EXTREME,8전(2/1/0)
6784982,LECHERY,9전(0/0/0)
6785330,LAYREEBELLE,0전(0/0/0)
6786042,RINKY BROWNIE,0전(0/0/0)
6788073,VENUS ROSEWATER,11전(2/1/1)
6789406,SUMMER RENDEZVOUS,3전(1/0/0)
6790107,HONEST CAUSE,2전(0/0/0)
6790455,IMPRACTICAL,6전(1/1/0)
6794012,HOLY FASHION,12전(4/1/2)
6794663,S' AVALL,0전(0/0/0)
6794666,SHARP INSTINCT,7전(3/0/1)
6794674,ALL TIME HIGH,1전(0/0/0)
6794752,MY FAVORITE TUNE,12전(3/0/2)
6798457,FOLK,9전(3/1/1)
6801171,SUNDAY MONEY,0전(0/0/0)
6802692,FANFIRE,6전(0/3/0)
6802813,CREEK GIRL,12전(2/5/1)
6807617,TOUCH ME ONCE,10전(2/0/2)
6810174,JERMIDY,25전(3/1/7)
6814079,MAYAN MILAGRA,3전(0/0/0)
6815062,MIDTOWN MISS,26전(4/8/4)
6815396,SHINING MOMENT,10전(3/1/2)
6815724,BAVARIAN BELLE,28전(3/2/3)
6815909,MISS CHALLENGE,8전(3/0/2)
6816190,WHITELACENPROMISES,2전(0/0/0)
6818038,RAPID DECISION,3전(0/0/0)
6821900,GOOD NEWS DAY,2전(0/0/0)
6826094,CLASSY GRAY,14전(3/1/3)
6840615,DANCING DAISY,20전(4/1/4)
6842194,HOLLADAY DIXIE,13전(1/4/1)
6842338,DIXIE STAMP,10전(1/1/0)
6842363,JULIE FROM DIXIE,7전(1/1/1)
6848529,FIRST INSTALLMENT,11전(2/1/1)
6848561,RIVOLTELLA,13전(3/1/1)
6848572,SWAMPOODLE,25전(2/4/5)
6853928,TAHITIAN MEMORY,1전(0/0/0)
6856003,NOONTIME ANGEL,0전(0/0/0)
6856114,STATELY APPEAL,40전(8/6/9)
6867003,CENTURIAN LADY,0전(0/0/0)
6870628,DIAMOND BABE,0전(0/0/0)
6877065,STOLEN PURSE,4전(0/0/0)
6877905,FOXYSOX,27전(7/3/4)
6889515,CRIMSON ORE,12전(3/2/3)
6927078,WILD MEGGIE MEG,9전(3/0/1)
6927273,THE SCHVAGEN,4전(2/1/0)
6928552,AMATURE'S PRIZE,22전(5/0/4)
6941969,DATTTS LADY DI,11전(2/1/1)
6957094,POPPY'S BABY GIRL,0전(0/0/0)
6959361,PORTERA,1전(1/0/0)
6965695,LADY LUMBERJACK,0전(0/0/0)
6965741,SWEET DREAMY SYN,20전(2/2/0)
6965782,PELT,0전(0/0/0)
6966411,ANGELICA ZAPATA,18전(5/4/2)
6968104,SHANGHAI ROSE,0전(0/0/0)
6970686,DONNAY,4전(1/0/1)
6975506,SILVER UNION,1전(0/0/0)
6980068,CANDY CAT CAN,11전(2/1/1)
6980152,SILKY OMEGA,20전(2/1/1)
6980329,QUEEN MERCURY,27전(3/5/3)
6980918,IM SO FINE,3전(0/0/0)
6981071,SHE'S AN ALPHA GAM,41전(8/5/7)
6981300,MALIBU LEGACY,8전(2/1/0)
6981655,RUFUS RUTH,3전(0/0/0)
6982320,ANNATLANTIC,22전(1/6/3)
6982399,KALEIDOSCOPE,10전(1/2/0)
6983072,TALES OF PARADISE,30전(3/2/4)
6984949,EGOT,2전(0/0/1)
6985780,TIZ THE TIDE,4전(1/1/1)
6988995,PUMPKIN SHELL,13전(2/2/3)
6989012,SAVANNAH,14전(1/1/3)
6989802,GREENAPPLE MARTINI,26전(3/2/5)
6990238,MY SWEET CANDY,8전(1/2/1)
6990889,SUENO D'ORO,4전(0/0/1)
6993535,DESPITE HER FORM,8전(1/3/1)
6994032,HIGHSTAR,9전(2/1/1)
6994069,THICKER THAN WATER,10전(2/0/2)
6995472,SCOOTINIT,23전(2/1/2)
6995473,SEE ROCK CITY,11전(1/2/3)
6995974,YARA,12전(3/0/1)
6996099,ELLA MARIE,27전(3/4/1)
6997129,INCLUDING,9전(2/0/0)
6998122,SASSY CITY,17전(6/5/0)
6998663,LADY GEEGEE,24전(4/5/4)
